{"cameraMode":{"drawMode":0,"name":"Shaded","section":"Shading Mode"},"sceneLighting":true,"audioPlay":false,"sceneViewState":{"showFog":true,"showMaterialUpdate":false,"showSkybox":true,"showFlares":true,"showImageEffects":true,"showParticleSystems":true},"in2DMode":false,"pivot":{"x":1.5261998176574708,"y":7.518828392028809,"z":-5.309608459472656},"rotation":{"x":0.13012968003749848,"y":-0.13854767382144929,"z":0.018365154042840005,"w":0.9816142916679382},"size":10.410764694213868,"orthographic":false}