{"cameraMode":{"drawMode":0,"name":"Shaded","section":"Shading Mode"},"sceneLighting":true,"audioPlay":false,"sceneViewState":{"showFog":true,"showMaterialUpdate":false,"showSkybox":true,"showFlares":true,"showImageEffects":true,"showParticleSystems":true},"in2DMode":false,"pivot":{"x":3.0915441513061525,"y":1.5785094499588013,"z":-2.93562912940979},"rotation":{"x":-0.12818339467048646,"y":0.36471009254455569,"z":-0.05076592043042183,"w":-0.9208672642707825},"size":-0.7565876841545105,"orthographic":false}